{
  "type": "summoningrituals:altar",
  "catalyst": { "item": "born_in_chaos_v1:ethereal_spirit" },
  "outputs": [{ "item": "bossominium:bloody_dust", "count": 1 }],
  "inputs": [
    {
      "ingredient": { "item": "minecraft:soul_sand" },
      "count": 1
    },
    { "ingredient": { "item": "minecraft:blaze_powder" }, "count": 1 }
  ],
  "sacrifices": {
    "mobs": [{ "mob": "minecraft:pig", "count": 3 }],
    "region": { "x": 10, "y": 3, "z": 10 }
  },
  "recipe_time": 100
}
