{
  "type": "summoningrituals:altar",
  "catalyst": { "item": "born_in_chaos_v1:ethereal_spirit" },
  "outputs": [
    {
      "mob": "bossominium:golden_ring",
      "count": 1,
      "offset": { "x": 0, "y": 3, "z": 0 },
      "spread": { "x": 20, "y": 0, "z": 20 }
    }
  ],
  "inputs": [
    {
      "ingredient": { "item": "bossominium:enchanted_golden_apple_core" },
      "count": 1
    },
    { "ingredient": { "item": "minecraft:ender_eye" }, "count": 1 }
  ],
  "recipe_time": 100,
  "day_time": "NIGHT"
}
