{
  "type": "summoningrituals:altar",
  "catalyst": { "item": "born_in_chaos_v1:ethereal_spirit" },
  "outputs": [
    {
      "mob": "born_in_chaos_v1:shy_spirit",
      "count": 15,
      "offset": { "x": 0, "y": 3, "z": 0 },
      "spread": { "x": 40, "y": 0, "z": 40 }
    },
    {
      "mob": "born_in_chaos_v1:restless_spirit",
      "count": 8,
      "data": "{ ArmorItems: [{ id: \"hmag:soul_powder\", Count: 1 }], ArmorDropChances:[1.0f] }",
      "offset": { "x": 0, "y": 3, "z": 0 },
      "spread": { "x": 40, "y": 0, "z": 40 }
    },
    {
      "mob": "born_in_chaos_v1:scarletpersecutor",
      "count": 8,
      "data": "{ ArmorItems: [{ id: \"hmag:soul_powder\", Count: 1 }], ArmorDropChances:[1.0f] }",
      "offset": { "x": 0, "y": 3, "z": 0 },
      "spread": { "x": 40, "y": 0, "z": 40 }
    },
    {
      "mob": "hmag:banshee",
      "count": 8,
      "offset": { "x": 0, "y": 3, "z": 0 },
      "spread": { "x": 40, "y": 0, "z": 40 }
    },
    { "item": "born_in_chaos_v1:fire_dust" }
  ],
  "inputs": [
    { "ingredient": { "item": "minecraft:phantom_membrane" }, "count": 60 },
    { "ingredient": { "item": "minecraft:ghast_tear" }, "count": 3 }
  ],
  "recipe_time": 100,
  "day_time": "NIGHT"
}
