{
  "name": "Starting gear",
  "description": "Warriors do start with these items:\n -Sword and shield\n -Advanced leather armor\n",
  "type": "origins:action_on_callback",
  "entity_action_chosen": {
    "type": "origins:and",
    "actions": [
      {
        "type": "origins:give",
        "stack": {
          "item": "minecraft:stone_sword"
        }
      },
      {
        "type": "origins:give",
        "stack": {
          "item": "minecraft:shield"
        }
      },
      {
        "type": "origins:give",
        "stack": {
          "item": "minecraft:leather_leggings"
        }
      },
      {
        "type": "origins:give",
        "stack": {
          "item": "minecraft:leather_chestplate"
        }
      },
      {
        "type": "origins:give",
        "stack": {
          "item": "minecraft:leather_helmet"
        }
      },
      {
        "type": "origins:give",
        "stack": {
          "item": "minecraft:leather_boots"
        }
      },
      {
        "type": "origins:execute_command",
        "command": "attribute @p generic.max_health base set 40"
      },
      {
        "type": "origins:execute_command",
        "command": "recipe give @p *"
      }
    ]
  },
  "entity_action_respawned": {
    "type": "origins:execute_command",
    "command": "attribute @p generic.max_health base set 40"
  }
}
