{
  "name": "Agile",
  "description": "\nArcher's can move so quick that they avoid 50% falling damage, they also fall slower than others.\n",
  "type": "origins:multiple",
  "slowfall": {
    "type": "origins:modify_falling",
    "velocity": 0.04,
    "take_fall_damage": true
  },
  "lessfalldamage": {
    "type": "origins:modify_damage_taken",
    "damage_condition": {
      "type": "origins:from_falling"
    },
    "modifier": {
      "operation": "multiply_total",
      "value": -0.5
    }
  }
}
